year,title
2016,"Inhibition of RNA Helicases of ssRNA(+) Virus Belonging to Flaviviridae, Coronaviridae and Picornaviridae Families."
2011,Hierarchical clustering using the arithmetic-harmonic cut: complexity and experiments.
2011,Inactivation of MS2 bacteriophage by streamer corona discharge in water.
2011,Structural analysis of soft multicomponent nanoparticle clusters.
2011,Comparison of immunohistochemistry and polymerase chain reaction for detection of West Nile virus in naturally infected dead birds.
2010,[Corona virus].
2011,West nile virus: do we need its surveillance and control program in punjab state of India?
2011,"Synthesis, antiviral activity and cytotoxicity evaluation of Schiff bases of some 2-phenyl quinazoline-4(3)H-ones."
2010,"Identification of GBV-D, a novel GB-like flavivirus from old world frugivorous bats (Pteropus giganteus) in Bangladesh."
2010,"The relationship between antibody status to bovine corona virus and bovine respiratory syncytial virus and disease incidence, reproduction and herd characteristics in dairy herds."
2010,Spatial patterns of bovine corona virus and bovine respiratory syncytial virus in the Swedish beef cattle population.
2010,Varicella zoster virus in progressive forms of multiple sclerosis.
2010,Styrylbenzimidazoles. Synthesis and biological activity - part 3.
2010,Prevalence of viral infection detected by PCR and RT-PCR in patients with acute exacerbation of COPD: a systematic review.
2010,Identification of SARS-COV spike protein-derived and HLA-A2-restricted human CTL epitopes by using a new muramyl dipeptidederivative adjuvant.
2010,Computational approaches for the discovery of cysteine protease inhibitors against malaria and SARS.
2010,Morphing low-affinity ligands into high-avidity nanoparticles by thermally triggered self-assembly of a genetically encoded polymer.
2010,Hexokinase II gene transfer protects against neurodegeneration in the rotenone and MPTP mouse models of Parkinson's disease.
2010,3D Telomere FISH defines LMP1-expressing Reed-Sternberg cells as end-stage cells with telomere-poor 'ghost' nuclei and very short telomeres.
2010,Prospective evaluation of a novel multiplex real-time PCR assay for detection of fifteen respiratory pathogens-duration of symptoms significantly affects detection rate.
2020,RNA-cleaving properties of human apurinic/apyrimidinic endonuclease 1 (APE1).
2010,Fatal lower respiratory tract disease with human corona virus NL63 in an adult haematopoietic cell transplant recipient.
2012,VIRsiRNAdb: a curated database of experimentally validated viral siRNA/shRNA.
2012,"Immunogenicity, safety and tolerability of MF59-adjuvanted seasonal influenza vaccine in children with juvenile idiopathic arthritis."
2011,Varicella zoster virus and relapsing remitting multiple sclerosis.
2012,"Quinoline tricyclic derivatives. Design, synthesis and evaluation of the antiviral activity of three new classes of RNA-dependent RNA polymerase inhibitors."
2011,Male circumcision and human papillomavirus infection in men: a systematic review and meta-analysis.
2012,Differential analysis of &quot;protein corona&quot; profile adsorbed onto different nonviral gene delivery systems.
2012,Design and validation of consensus-degenerate hybrid oligonucleotide primers for broad and sensitive detection of corona- and toroviruses.
2011,"Synthesis, antiviral and cytotoxic investigation of 2-phenyl-3-substituted quinazolin-4(3H)-ones."
2011,"Local renin-angiotensin II systems, angiotensin-converting enzyme and its homologue ACE2: their potential role in the pathogenesis of chronic obstructive pulmonary diseases, pulmonary hypertension and acute respiratory distress syndrome."
2011,Antigenic distribution of west nile virus in various organs of wildly infected american crows (corvus brachyrhynchos).
2011,Synthesis of enantiomerically pure D- and L-bicyclo[3.1.0]hexenyl carbanucleosides and their antiviral evaluation.
2011,"Increased risk of multiple sclerosis following herpes zoster: a nationwide, population-based study."
2012,"Detection of feline herpes virus 1 via polymerase chain reaction and immunohistochemistry in cats with ulcerative facial dermatitis, eosinophilic granuloma complex reaction patterns and mosquito bite hypersensitivity."
2011,Host and viral ecology determine bat rabies seasonality and maintenance.
2011,Kidney transplantation from hepatitis B virus core antibody-positive donors: prophylaxis with hepatitis B immunoglobulin.
2012,Detection of viruses in used ventilation filters from two large public buildings.
2012,In silico investigations of possible routes of assembly of ORF 3a from SARS-CoV.
2011,Viral etiology of acute lower respiratory tract infections in hospitalized young children in Northern Taiwan.
2012,Infectious delivery and long-term persistence of transgene expression in the brain by a 135-kb iBAC-FXN genomic DNA expression vector.
2011,"Improved prediction of MHC class I binders/non-binders peptides through artificial neural network using variable learning rate: SARS corona virus, a case study."
2011,Alizarine derivatives as new dual inhibitors of the HIV-1 reverse transcriptase-associated DNA polymerase and RNase H activities effective also on the RNase H activity of non-nucleoside resistant reverse transcriptases.
2011,The multicenter Italian birth cohort study on incidence and determinants of lower respiratory tract infection hospitalization in infants at 33 weeks GA or more: preliminary results.
2011,Risk factors for calf mortality in large Swedish dairy herds.
2016,"Inhibition of RNA Helicases of ssRNA(+) Virus Belonging to Flaviviridae, Coronaviridae and Picornaviridae Families."
2011,"Development of a cytotoxic T-lymphocyte-based, broadly protective influenza vaccine."
2011,Inactivation of MS2 bacteriophage by streamer corona discharge in water.
2013,"Soft-X-ray-enhanced electrostatic precipitation for protection against inhalable allergens, ultrafine particles, and microbial infections."
2012,Epimedium koreanum Nakai Water Extract Exhibits Antiviral Activity against Porcine Epidermic Diarrhea Virus In Vitro and In Vivo.
2013,Three-dimensional architecture and biogenesis of membrane structures associated with hepatitis C virus replication.
2013,Biogenesis of the vaccinia virus membrane: genetic and ultrastructural analysis of the contributions of the A14 and A17 proteins.
2013,New anthraquinone derivatives as inhibitors of the HIV-1 reverse transcriptase-associated ribonuclease H function.
2013,No novel coronaviruses identified in a large collection of human nasopharyngeal specimens using family-wide CODEHOP-based primers.
2012,"HIV-1 Reverse Transcriptase Still Remains a New Drug Target: Structure, Function, Classical Inhibitors, and New Inhibitors with Innovative Mechanisms of Actions."
2013,DNA block copolymers: functional materials for nanoscience and biomedicine.
2012,CD200 receptor controls sex-specific TLR7 responses to viral infection.
2012,Development of a series of 3-hydroxyquinolin-2(1H)-ones as selective inhibitors of HIV-1 reverse transcriptase associated RNase H activity.
2012,A novel method for high-throughput screening to quantify antiviral activity against viruses that induce limited CPE.
2012,5-acetyl-2-arylbenzimidazoles as antiviral agents. Part 4.
2013,Respiratory viral infections during the first 28 days after transplantation in pediatric hematopoietic stem cell transplant recipients.
2012,The murine coronavirus hemagglutinin-esterase receptor-binding site: a major shift in ligand specificity through modest changes in architecture.
2020,Evaluation of antiviral and cytotoxic activities of methanolic extract of <i>S. grandiflora</i> (Fabaceae) flowers.
2012,A hexapeptide of the receptor-binding domain of SARS corona virus spike protein blocks viral entry into host cells via the human receptor ACE2.
2012,Serosurvey of free-ranging Amur tigers in the Russian Far East.
2012,VIRsiRNAdb: a curated database of experimentally validated viral siRNA/shRNA.
2012,"Immunogenicity, safety and tolerability of MF59-adjuvanted seasonal influenza vaccine in children with juvenile idiopathic arthritis."
2012,In silico investigations of possible routes of assembly of ORF 3a from SARS-CoV.
2013,Prediction of Intrinsic Disorder in MERS-CoV/HCoV-EMC Supports a High Oral-Fecal Transmission.
2013,Emerging respiratory and novel coronavirus 2012 infections and mass gatherings.
2013,"Novel coronavirus infections in Jordan, April 2012: epidemiological findings from a retrospective investigation."
2013,[Novel coronavirus (NcOV)].
2013,Inhibition of novel β coronavirus replication by a combination of interferon-α2b and ribavirin.
2013,"Contact investigation of a case of human novel coronavirus infection treated in a German hospital, October-November 2012."
2014,"Contact investigation for imported case of Middle East respiratory syndrome, Germany."
2016,A meta-analysis to evaluate the effectiveness of real-time PCR for diagnosing novel coronavirus infections.
2020,An investigation into respiratory tract viruses in children with acute lower respiratory tract infection or wheezing.
2020,"Report from the World Health Organization's third Product Development for Vaccines Advisory Committee (PDVAC) meeting, Geneva, 8-10th June 2016."
2020,Novel findings from a beta coronavirus outbreak on an American Miniature Horse breeding farm in upstate New York.
2020,Social Cognitive Effects and Mediators of a Pilot Telephone Counseling Intervention to Increase Aerobic Exercise in Hematologic Cancer Survivors.
2020,Evaluation of the Seegene Allplex™ Respiratory Panel for diagnosis of acute respiratory tract infections.
2020,Multiparametric assessment of left atrial remodeling using <sup>18</sup>F-FDG PET/CT cardiac imaging: A pilot study.
2020,Herd level estimation of probability of disease freedom applied on the Norwegian control program for bovine respiratory syncytial virus and bovine coronavirus.
2020,Use of ribavirin in viruses other than hepatitis C. A review of the evidence.
2020,Saline-push improves rubidium-82 PET image quality.
2020,Strategies and avenues for COVID-19 - Ayurveda perception.
2020,Assessing XMT-Measurement Variability of Air-Water Interfacial Areas in Natural Porous Media.
2020,Clinical protocols in dental practice: Post-COVID-19.
2020,"COVID-19: Adapting to change, general surgery at a district general hospital in the United Kingdom."
2020,2019 NOVEL CORONAVIRUS.
2020,Possible Old Drugs for Repositioning in COVID-19 Treatment: Combating Cytokine Storms from Haloperidol to Anti-interleukin Agents.
2020,Management of an Organ Donation Process in COVID-19 Pandemic: First Case of Turkey.
2020,Perioperative Anaesthetic Management of Confirmed or Suspected COVID-19 Patients.
2020,Perioperative planning in the COVID-19 pandemic: Cardiovascular perfusion and device-related issues.
2020,Perioperative planning in the COVID-19 pandemic: Vascular issues.
2020,Perioperative planning for cardiovascular operations in the COVID-19 pandemic.
2020,Turkish Society of Cardiovascular Surgery (TSCVS) Proposal for use of ECMO in respiratory and circulatory failure in COVID-19 pandemic era.
2020,Coronavirus pandemic and cardiovascular issues.
2020,A novel luciferase immunosorbent assay performs better than a commercial enzyme-linked immunosorbent assay to detect MERS-CoV specific IgG in humans and animals.
2020,Human-animal interactions and bat coronavirus spillover potential among rural residents in Southern China.
2020,Novel 2019-coronavirus on new year's Eve.
2020,Pathogenicity of a QX-like avian infectious bronchitis virus isolated in China.
2020,Multifrequency bioelectrical impedance analysis may represent a reproducible and practical tool to assess skeletal muscle mass in euvolemic acutely ill hospitalized geriatric patients.
2020,Metal complexes driven from Schiff bases and semicarbazones for biomedical and allied applications: a review.
2020,Rapid multiplex microfiber-based immunoassay for anti-MERS-CoV antibody detection.
2020,Pediatric Endocrinology in the Time of the COVID-19 Pandemic.
2020,COVID-19 Outbreak: An Overview.
2020,Editorial.
2020,Chest Radiographic and CT Findings of the 2019 Novel Coronavirus Disease (COVID-19): Analysis of Nine Patients Treated in Korea.
2020,Coronaviruses: a paradigm of new emerging zoonotic diseases.
2020,Magnetic Nanotrap Particles Preserve the Stability of Venezuelan Equine Encephalitis Virus in Blood for Laboratory Detection.
2020,Comprehensive Genomic Characterization Analysis of lncRNAs in Cells With Porcine Delta Coronavirus Infection.
2020,The use of cells from ANPEP knockout pigs to evaluate the role of aminopeptidase N (APN) as a receptor for porcine deltacoronavirus (PDCoV).
2020,Identifying factors and target preventive therapies for Middle East Respiratory Syndrome sucsibtable patients.
2020,Transmissible Gastroenteritis Virus Infection Up-Regulates FcRn Expression via Nucleocapsid Protein and Secretion of TGF-β in Porcine Intestinal Epithelial Cells.
2020,"Regulation of the ER Stress Response by the Ion Channel Activity of the Infectious Bronchitis Coronavirus Envelope Protein Modulates Virion Release, Apoptosis, Viral Fitness, and Pathogenesis."
2020,Research Note: First evidence of infectious bronchitis virus Middle-East GI-23 lineage (Var2-like) in Germany.
2020,Isolation and characterization of avian coronavirus from healthy Eclectus parrots (<i>Eclectus roratus</i>) from Indonesia.
2020,Semi-quantitative myocardial perfusion MRI in heart transplant recipients at rest: repeatability in healthy controls and assessment of cardiac allograft vasculopathy.
2020,[Jungle yellow fever with positive serology for leptospira in a young peruvian male].
2020,The risk factors associated with MERS-CoV patient fatality: A global survey.
2020,The characteristics of hDPP4 transgenic mice subjected to aerosol MERS coronavirus infection via an animal nose-only exposure device.
2020,Molecular Detection of Gamma Coronaviruses in Bird Parks of Iran.
2020,Age-related reductions in heart rate variability do not worsen during exposure to humid compared to dry heat: A secondary analysis.
2020,"Sero-prevalence, cross-species infection and serological determinants of prevalence of Bovine Coronavirus in Cattle, Sheep and Goats in Ghana."
2020,Feline Infectious Peritonitis Virus Nsp5 Inhibits Type I Interferon Production by Cleaving NEMO at Multiple Sites.
2020,Investigation of the Role of the Spike Protein in Reversing the Virulence of the Highly Virulent Taiwan Porcine Epidemic Diarrhea Virus Pintung 52 Strains and Its Attenuated Counterpart.
2020,Porcine Epidemic Diarrhea Altered Colonic Microbiota Communities in Suckling Piglets.
2020,Molecular epidemiology of respiratory viruses among Malaysian Young children with a confirmed respiratory infection during 2014-2015.
2020,"Genetic, antigenic and pathogenic characterization of avian coronaviruses isolated from pheasants (Phasianus colchicus) in China."
2020,Pathogenicity and immunogenicity of a new strain of porcine epidemic diarrhea virus containing a novel deletion in the N gene.
2020,"Ghrelin, visfatin and irisin in children with short bowel syndrome."
2020,Evaluation of a Bayesian penalized likelihood reconstruction algorithm for low-count clinical <sup>18</sup>F-FDG PET/CT.
2020,Endocytic Pathway of Feline Coronavirus for Cell Entry: Differences in Serotype-Dependent Viral Entry Pathway.
2020,Measuring Similarity among Protein Sequences Using a New Descriptor.
2020,Swine acute diarrhea syndrome coronavirus (SADS-CoV) antagonizes interferon-β production via blocking IPS-1 and RIG-I.
2020,Reproducibility of DXA-based bone strain index and the influence of body mass: an in vivo study.
2020,Scan-rescan and inter-vendor reproducibility of neurite orientation dispersion and density imaging metrics.
2020,Prevalence and phylogenetic analysis of porcine diarrhea associated viruses in southern China from 2012 to 2018.
2020,"Ultra-Rapid Real-Time RT-PCR Method for Detecting Middle East Respiratory Syndrome Coronavirus Using a Mobile PCR Device, PCR1100."
2020,Microarray analysis reveals the inhibition of intestinal expression of nutrient transporters in piglets infected with porcine epidemic diarrhea virus.
2020,Development of a one-run real-time PCR detection system for pathogens associated with porcine respiratory diseases.
2020,Antiviral activity of interleukin-11 as a response to porcine epidemic diarrhea virus infection.
2020,In silico and in vitro analysis of small molecules and natural compounds targeting the 3CL protease of feline infectious peritonitis virus.
2020,Human Coronaviruses and Other Respiratory Viruses: Underestimated Opportunistic Pathogens of the Central Nervous System?
2020,Minimum Determinants of Transmissible Gastroenteritis Virus Enteric Tropism Are Located in the N-Terminus of Spike Protein.
2020,Genetic manipulation of porcine deltacoronavirus reveals insights into NS6 and NS7 functions: a novel strategy for vaccine design.
2020,Eccentric Enlargement of the Aortic Sinuses in Pediatric and Adult Patients with Bicuspid Aortic Valves: A Cardiac MRI Study.
2020,SKP2 attenuates autophagy through Beclin1-ubiquitination and its inhibition reduces MERS-Coronavirus infection.
2020,Improved quantification of myelin water fraction using joint sparsity of T<sub>2</sub> * distribution.
2020,"Pycnogenol®+Centellicum®, post-stent evaluation: prevention of neointima and plaque re-growth."
2019,"Left atrial strain: a multi-modality, multi-vendor comparison study."
2020,Viral Diversity of Microbats within the South West Botanical Province of Western Australia.
2020,Antigenic and Pathogenic Characteristics of QX-Type Avian Infectious Bronchitis Virus Strains Isolated in Southwestern China.
2020,"Epidemiological investigation of feline infectious peritonitis in cats living in Harbin, Northeast China from 2017 to 2019 using a combination of an EvaGreen-based real-time RT-PCR and serum chemistry assays."
2020,Cross-sectional investigation and risk factor analysis of community-acquired and hospital-associated canine viral infectious respiratory disease complex.
2020,Burden of Middle East respiratory syndrome coronavirus infection in Saudi Arabia.
2020,Enzootic patterns of Middle East respiratory syndrome coronavirus in imported African and local Arabian dromedary camels: a prospective genomic study.
2020,Identification of 6'-β-fluoro-homoaristeromycin as a potent inhibitor of chikungunya virus replication.
2020,Middle East Respiratory Syndrome Coronavirus-Encoded ORF8b Inhibits RIG-I-Like Receptors in a Differential Mechanism.
2020,The catalytic oxidation performance of toluene over the Ce-Mn-O<sub>x</sub> catalysts: Effect of synthetic routes.
2020,Isolation and characterization of a variant subgroup GII-a porcine epidemic diarrhea virus strain in China.
2020,A database of geopositioned Middle East Respiratory Syndrome Coronavirus occurrences.
2020,Feline Infectious Peritonitis as a Systemic Inflammatory Disease: Contribution of Liver and Heart to the Pathogenesis.
2020,Estimation of temporal covariances in pathogen dynamics using Bayesian multivariate autoregressive models.
2020,miR-142a-3p promotes the proliferation of porcine hemagglutinating encephalomyelitis virus by targeting Rab3a.
2020,A new electrophysiological non-invasive method to assess retinocortical conduction time in the Dark Agouti rat through the simultaneous recording of electroretinogram and visual evoked potential.
2020,Genetic diversity of MERS-CoV spike protein gene in Saudi Arabia.
2020,Redistribution of pulmonary ventilation after lung surgery detected with electrical impedance tomography.
2020,Alteration autonomic control of cardiac function during hemodialysis predict cardiovascular outcomes in end stage renal disease patients.
2020,"Use of a bacterial fluorescence imaging device: wound measurement, bacterial detection and targeted debridement."
2020,Assessing the Association of Formulary Copayment Changes with Real-World Treatment Patterns in Patients with Rheumatoid Arthritis on Etanercept.
2020,"Comparing the interobserver reproducibility of different regions of interest on multi-parametric renal magnetic resonance imaging in healthy volunteers, patients with heart failure and renal transplant recipients."
2020,Recent Research on Occupational Animal Exposures and Health Risks: A Narrative Review.
2020,SUV variability in EARL-accredited conventional and digital PET.
2020,Noise reduction using a Bayesian penalized-likelihood reconstruction algorithm on a time-of-flight PET-CT scanner.
2020,Attenuated live infectious bronchitis virus QX vaccine disseminates slowly to target organs distant from the site of inoculation.
2020,Estimation Of Direct Medical Costs Of Middle East Respiratory Syndrome Coronavirus Infection: A Single-Center Retrospective Chart Review Study.
2020,Prevalence of Pathogens Related to Bovine Respiratory Disease Before and After Transportation in Beef Steers: Preliminary Results.
2020,A Comparative Analysis of Factors Influencing Two Outbreaks of Middle Eastern Respiratory Syndrome (MERS) in Saudi Arabia and South Korea.
2020,Identification of the immunodominant neutralizing regions in the spike glycoprotein of porcine deltacoronavirus.
2020,Characterization of continuous bed motion effects on patient breathing and respiratory motion correction in PET/CT imaging.
2020,Climate factors and incidence of Middle East respiratory syndrome coronavirus.
2020,Coronaviruses Detected in Bats in Close Contact with Humans in Rwanda.
2020,A Recombinant Influenza A/H1N1 Carrying A Short Immunogenic Peptide of MERS-CoV as Bivalent Vaccine in BALB/c Mice.
2020,Development and Validation of a S1 Protein-Based ELISA for the Specific Detection of Antibodies against Equine Coronavirus.
2020,"Comparison of feature tracking, fast-SENC, and myocardial tagging for global and segmental left ventricular strain."
2020,The Variability of Psychophysical Parameters Following Surface and Subdermal Stimulation: A Multiday Study in Amputees.
2020,"Middle East respiratory syndrome coronavirus (MERS-CoV) neutralising antibodies in a high-risk human population, Morocco, November 2017 to January 2018."
2020,Origin and epidemic status of porcine epidemic diarrhea virus variants in China.
2020,Structures of MERS-CoV spike glycoprotein in complex with sialoside attachment receptors.
2020,Combining Procalcitonin and Rapid Multiplex Respiratory Virus Testing for Antibiotic Stewardship in Older Adult Patients With Severe Acute Respiratory Infection.
2020,Expression and role of HEPIS in breast cancer.
2020,Development of a biosecurity assessment tool and the assessment of biosecurity levels by this tool on Japanese commercial swine farms.
2020,A molecular epidemiological investigation of PEDV in China: Characterization of co-infection and genetic diversity of S1-based genes.
2020,Quantification of blood flow in the fetus with cardiovascular magnetic resonance imaging using Doppler ultrasound gating: validation against metric optimized gating.
2020,Use of whole-genome sequencing in the molecular investigation of care-associated HCoV-OC43 infections in a hematopoietic stem cell transplant unit.
2020,Manipulation of Intestinal Antiviral Innate Immunity and Immune Evasion Strategies of Porcine Epidemic Diarrhea Virus.
2020,Association between multiple respiratory viral infections and pediatric intensive care unit admission among infants with bronchiolitis.
2020,Human bocavirus in children hospitalized for acute respiratory tract infection in Rome.
2020,Development and comparison of enzyme-linked immunosorbent assays based on recombinant trimeric full-length and truncated spike proteins for detecting antibodies against porcine epidemic diarrhea virus.
2020,Causative agents and epidemiology of diarrhea in Korean native calves.
2020,Typical epidemiology of respiratory virus infections in a Brazilian slum.
2020,Pathogenicity of a QX-like strain of infectious bronchitis virus and effects of accessory proteins 3a and 3b in chickens.
2020,Attenuation and characterization of porcine enteric alphacoronavirus strain GDS04 via serial cell passage.
2020,Entry of <i>Scotophilus</i> Bat Coronavirus-512 and Severe Acute Respiratory Syndrome Coronavirus in Human and Multiple Animal Cells.
2020,Delmarva (DMV/1639) Infectious Bronchitis Virus (IBV) Variants Isolated in Eastern Canada Show Evidence of Recombination.
2020,Decoupling deISGylating and deubiquitinating activities of the MERS virus papain-like protease.
2020,Nucleocapsid proteins from other swine enteric coronaviruses differentially modulate PEDV replication.
2020,"Reproducibility and reliability of central corneal thickness determination in more and less profound corneal edema using ultrasound pachymetry, a Scheimpflug camera and anterior segment OCT."
2020,Characterization and Pathogenicity of the Porcine Deltacoronavirus Isolated in Southwest China.
2020,Unattended sleep study in screening for sleep apnea in the acute phase of ischemic stroke.
2020,Optimizing MRF-ASL scan design for precise quantification of brain hemodynamics using neural network regression.
2020,A Multi-Omics Study of Chicken Infected by Nephropathogenic Infectious Bronchitis Virus.
2020,Joint compensation of motion and partial volume effects by iterative deconvolution incorporating wavelet-based denoising in oncologic PET/CT imaging.
2020,Membrane Cholesterol Modulates Oligomeric Status and Peptide-Membrane Interaction of Severe Acute Respiratory Syndrome Coronavirus Fusion Peptide.
2020,"MERS-CoV in Camels but Not Camel Handlers, Sudan, 2015 and 2017."
2020,"Middle East Respiratory Syndrome Coronavirus Seropositivity in Camel Handlers and Their Families, Pakistan."
2020,Anaesthetic considerations for whole lung lavage for pulmonary alveolar proteinosis.
2020,Emerging strains of porcine epidemic diarrhoea virus (PEDv) in Mexico.
2020,Diagnosis of Feline Infectious Peritonitis: A Review of the Current Literature.
2020,MERS-CoV as an emerging respiratory illness: A review of prevention methods.
2020,Feline coronavirus with and without spike gene mutations detected by real-time RT-PCRs in cats with feline infectious peritonitis.
2020,Comparative performance analysis for abdominal phantom ROI detectability according to CT reconstruction algorithm: ADMIRE.
2020,"Genome Sequences of Human Coronavirus OC43 and NL63, Associated with Respiratory Infections in Kilifi, Kenya."
2020,Focus on Middle East respiratory syndrome coronavirus (MERS-CoV).
2020,"The global burden of premature mortality due to the Middle East respiratory syndrome (MERS) using standard expected years of life lost, 2012 to 2019."
2020,"The autoimmune response elicited by mouse hepatitis virus (MHV-A59) infection is modulated by liver tryptophan-2,3-dioxygenase (TDO)."
2020,Development of indirect enzyme-linked immunosorbent assay for detection of porcine epidemic diarrhea virus specific antibodies (IgG) in serum of naturally infected pigs.
2020,Rapid manipulation of the porcine epidemic diarrhea virus genome by CRISPR/Cas9 technology.
2020,Evolution of infectious bronchitis virus in the field after homologous vaccination introduction.
2020,MERS-CoV infection is associated with downregulation of genes encoding Th1 and Th2 cytokines/chemokines and elevated inflammatory innate immune response in the lower respiratory tract.
2020,Non-invasive bioluminescence imaging of HCoV-OC43 infection and therapy in the central nervous system of live mice.
2020,Humoral Immunogenicity and Efficacy of a Single Dose of ChAdOx1 MERS Vaccine Candidate in Dromedary Camels.
2020,Epitope-based peptide vaccine design and target site depiction against Middle East Respiratory Syndrome Coronavirus: an immune-informatics study.
2020,2019 meeting of the global virus network.
2020,Amotosalen and ultraviolet A light efficiently inactivate MERS-coronavirus in human platelet concentrates.
2020,Comparison of Rates of Hospitalization Between Single and Dual Virus Detection in a Mexican Cohort of Children and Adults With Influenza-Like Illness.
2020,The Porcine Deltacoronavirus Replication Organelle Comprises Double-Membrane Vesicles and Zippered Endoplasmic Reticulum with Double-Membrane Spherules.
2020,"Gold nanoparticle-adjuvanted S protein induces a strong antigen-specific IgG response against severe acute respiratory syndrome-related coronavirus infection, but fails to induce protective antibodies and limit eosinophilic infiltration in lungs."
2020,Identification of novel proteolytically inactive mutations in coronavirus 3C-like protease using a combined approach.
2020,"Natural Bis-Benzylisoquinoline Alkaloids-Tetrandrine, Fangchinoline, and Cepharanthine, Inhibit Human Coronavirus OC43 Infection of MRC-5 Human Lung Cells."
2020,Engineering a Novel Antibody-Peptide Bispecific Fusion Protein Against MERS-CoV.
2020,Emerging Highly Virulent Porcine Epidemic Diarrhea Virus: Molecular Mechanisms of Attenuation and Rational Design of Live Attenuated Vaccines.
2020,Prevalence of selected cardiotropic pathogens in the myocardium of adult dogs with unexplained myocardial and rhythm disorders or with congenital heart disease.
2020,Effects of DTL electrode position on the amplitude and implicit time of the electroretinogram.
2020,Evaluation of serological assays available in a biosafety level 2 laboratory and their application for survey of Middle East respiratory syndrome coronavirus among livestock in Ethiopia.
2020,The influence of aging on the spatial and temporal variables of gait during usual and fast speeds in older adults aged 60 to 102 years.
2020,Detecting Emerging Infectious Diseases: An Overview of the Laboratory Response Network for Biological Threats.
2020,Emerging lethal infectious bronchitis coronavirus variants with multiorgan tropism.
2020,Inherent spatial structure in myelin water fraction maps.
2020,The immune response of young turkeys to haemorrhagic enteritis virus infection at different levels and sources of methionine in the diet.
2020,LGP2 plays a critical role in MDA5-mediated antiviral activity against duck enteritis virus.
2020,Porcine deltacoronavirus (PDCoV) modulates calcium influx to favor viral replication.
2020,The Middle East Respiratory Syndrome (MERS).
2020,"Severe Acute Respiratory Syndrome: Historical, Epidemiologic, and Clinical Features."
2020,Metagenomic Nanopore Sequencing of Influenza Virus Direct from Clinical Respiratory Samples.
2020,"One-step triplex reverse-transcription PCR detection of porcine epidemic diarrhea virus, porcine sapelovirus, and porcine sapovirus."
2020,Immunohistochemical and molecular detection of natural cases of bovine rotavirus and coronavirus infection causing enteritis in dairy calves.
2020,Influences of cyclosporin A and non-immunosuppressive derivatives on cellular cyclophilins and viral nucleocapsid protein during human coronavirus 229E replication.
2020,Functional Carbon Quantum Dots as Medical Countermeasures to Human Coronavirus.
2020,Identifying potential emerging threats through epidemic intelligence activities-looking for the needle in the haystack?
2020,Evaluation of a multiplex PCR assay for detection of respiratory viruses and Mycoplasma pneumoniae in oropharyngeal swab samples from outpatients.
2020,"Synthesis and biological evaluation of 3-acyl-2-phenylamino-1,4-dihydroquinolin-4(1H)-one derivatives as potential MERS-CoV inhibitors."
2020,Improved inference of time-varying reproduction numbers during infectious disease outbreaks.
2020,Preparation of virus-like particle mimetic nanovesicles displaying the S protein of Middle East respiratory syndrome coronavirus using insect cells.
2020,Innate Immune Evasion by Human Respiratory RNA Viruses.
2020,Comparative protective immunity provided by live vaccines of Newcastle disease virus or avian metapneumovirus when co-administered alongside classical and variant strains of infectious bronchitis virus in day-old broiler chicks.
2020,Influenza vaccination and respiratory virus interference among Department of Defense personnel during the 2017-2018 influenza season.
2020,Environmental investigation of respiratory pathogens during the Hajj 2016 and 2018.
2020,Development of a multiplex RT-PCR for the detection of major diarrhoeal viruses in pig herds in China.
2020,An in vivo cell-based assay for investigating the specific interaction between the SARS-CoV N-protein and its viral RNA packaging sequence.
2020,Isolation and growth characterization of novel full length and deletion mutant human MERS-CoV strains from clinical specimens collected during 2015.
2020,"Prevalence and risk factors for agents causing diarrhea (Coronavirus, Rotavirus, Cryptosporidium spp., Eimeria spp., and nematodes helminthes) according to age in dairy calves from Brazil."
2020,Attenuation of a virulent swine acute diarrhea syndrome coronavirus strain via cell culture passage.
2020,Small-Molecule Antiviral β-d-<i>N</i><sup>4</sup>-Hydroxycytidine Inhibits a Proofreading-Intact Coronavirus with a High Genetic Barrier to Resistance.
2020,Antiviral activity of Sambucus FormosanaNakai ethanol extract and related phenolic acid constituents against human coronavirus NL63.
2020,High-flow nasal cannula oxygen therapy in infants with acute lower respiratory tract infection. An experience in hospitals of the City of Buenos Aires.
2020,Cortical microinfarcts in memory clinic patients are associated with reduced cerebral perfusion.
2020,Broad Cross-Species Infection of Cultured Cells by Bat HKU2-Related Swine Acute Diarrhea Syndrome Coronavirus and Identification of Its Replication in Murine Dendritic Cells <i>In Vivo</i> Highlight Its Potential for Diverse Interspecies Transmission.
2020,Functional Characterization and Proteomic Analysis of Porcine Deltacoronavirus Accessory Protein NS7.
2020,Pathogenicity of porcine deltacoronavirus (PDCoV) strain NH and immunization of pregnant sows with an inactivated PDCoV vaccine protects 5-day-old neonatal piglets from virulent challenge.
2020,Generating and evaluating type I interferon receptor-deficient and feline TMPRSS2-expressing cells for propagating serotype I feline infectious peritonitis virus.
2020,Updated phylogenetic analysis of the spike gene and identification of a novel recombinant porcine epidemic diarrhoea virus strain in Taiwan.
2020,Comprehensive codon usage analysis of porcine deltacoronavirus.
2020,Antiviral effect of sinefungin on in vitro growth of feline herpesvirus type 1.
2020,The 3.1-Angstrom Cryo-electron Microscopy Structure of the Porcine Epidemic Diarrhea Virus Spike Protein in the Prefusion Conformation.
2020,Diversity of Dromedary Camel Coronavirus HKU23 in African Camels Revealed Multiple Recombination Events among Closely Related Betacoronaviruses of the Subgenus Embecovirus.
2020,Detection of MERS-CoV antigen on formalin-fixed paraffin-embedded nasal tissue of alpacas by immunohistochemistry using human monoclonal antibodies directed against different epitopes of the spike protein.
2020,Predictors of response to augmentation treatment in patients with treatment-resistant depression: A systematic review.
2020,Successful treatment of brown widow spider envenomation with <i>Latrodectus mactans</i> antivenom.
2020,A Case Study Evaluating the Risk of Infection from Middle Eastern Respiratory Syndrome Coronavirus (MERS-CoV) in a Hospital Setting Through Bioaerosols.
2020,Epitope mapping and cellular localization of swine acute diarrhea syndrome coronavirus nucleocapsid protein using a novel monoclonal antibody.
2020,A serological survey of canine respiratory coronavirus in New Zealand.
2020,Quantification of cerebral perfusion and cerebrovascular reserve using Turbo-QUASAR arterial spin labeling MRI.
2020,Coronavirus genomic RNA packaging.
2020,Influenza A virus infection induces liver injury in mice.
2020,First Report of Coronaviruses in Northern European Bats.
2020,Resting Cerebral Blood Flow and Ethnic Differences in Heart Rate Variability: Links to Self-Reports of Affect and Affect Regulation.
2020,"Zoonotic Diseases in Oman: Successes, Challenges, and Future Directions."
2020,Some One Health based control strategies for the Middle East respiratory syndrome coronavirus.
2020,Slit-lamp based assessment of peripheral versus central regions of the human corneal endothelium.
2020,Ambient ammonia does not appear to inhibit the immune response to infectious bronchitis virus vaccination and protection from homologous challenge in broiler chickens.
2020,Rivaroxaban and Aspirin in Peripheral Vascular Disease: a Review of Implementation Strategies and Management of Common Clinical Scenarios.
2020,"Retrospective study, full-length genome characterization and evaluation of viral infectivity and pathogenicity of chimeric porcine deltacoronavirus detected in Vietnam."
2020,Repeated ketamine injections in synergy with antidepressants for treating refractory depression: A case showing 6-month improvement.
2020,Short hairpin RNAs targeting M and N genes reduce replication of porcine deltacoronavirus in ST cells.
2020,Peptidoglycan-Associated Cyclic Lipopeptide Disrupts Viral Infectivity.
2019,"Bovine coronavirus in Uruguay: genetic diversity, risk factors and transboundary introductions from neighboring countries."
2019,[Coronaviruses as the cause of respiratory infections].
2020,Characteristics of flavonoids as potent MERS-CoV 3C-like protease inhibitors.
2020,"Middle East Respiratory Syndrome Coronavirus, Saudi Arabia, 2017-2018."
2020,Magnetic Resonance Elastography of the Liver in Children and Adolescents: Assessment of Regional Variations in Stiffness.
2020,Co-infections of chickens with avian influenza virus H9N2 and Moroccan Italy 02 infectious bronchitis virus: effect on pathogenesis and protection conferred by different vaccination programmes.
2020,Validation of sampling methods in bulk feed ingredients for detection of swine viruses.
2020,Vaccine or field strains: the jigsaw pattern of infectious bronchitis virus molecular epidemiology in Poland.
2020,Protective effects of hypericin against infectious bronchitis virus induced apoptosis and reactive oxygen species in chicken embryo kidney cells.
2019,Interferon gamma inhibits transmissible gastroenteritis virus infection mediated by an IRF1 signaling pathway.
2020,Characterization and evolution of the coronavirus porcine epidemic diarrhoea virus HLJBY isolated in China.
2020,Establishment of a Virulent Full-Length cDNA Clone for Type I Feline Coronavirus Strain C3663.
2020,Evaluation of polymorphisms in inflammatory mediator and cellular adhesion genes as risk factors for feline infectious peritonitis.
2020,A systematic risk-based strategy to select personal protective equipment for infectious diseases.
2020,[Re-irradiation with SBRT (Stereotactic Body Radiation Therapy) for locoregional unresectable relapse of head and neck cancer: a case report].
2020,Next-generation sequencing and single-cell RT-PCR reveal a distinct variable gene usage of porcine antibody repertoire following PEDV vaccination.
2020,Effects of environmental disinfection on the isolation of vancomycin-resistant Enterococcus after a hospital-associated outbreak of Middle East respiratory syndrome.
2020,Ex Vivo Microscopy: A Promising Next-Generation Digital Microscopy Tool for Surgical Pathology Practice.
2020,Confronting the persisting threat of the Middle East respiratory syndrome to global health security.
2020,Simultaneous and visual detection of infectious bronchitis virus and Newcastle disease virus by multiple LAMP and lateral flow dipstick.
2020,Molecular epidemiology of infectious bronchitis virus and avian metapneumovirus in Greece.
2020,Narrative review of Middle East respiratory syndrome coronavirus (MERS-CoV) infection: updates and implications for practice.
2020,"SEROLOGICAL SURVEY FOR SELECT INFECTIOUS AGENTS IN WILD MAGELLANIC PENGUINS (<i>SPHENISCUS MAGELLANICUS</i>) IN ARGENTINA, 1994-2008."
2020,Fronto-Limbic Connectivity as a Predictor of Improvement in Nonsuicidal Self-Injury in Adolescents Following Psychotherapy.
2020,Molecular characteristics and pathogenicity analysis of QX-like avian infectious bronchitis virus isolated in China in 2017 and 2018.
2020,A systematic review of MERS-CoV seroprevalence and RNA prevalence in dromedary camels: Implications for animal vaccination.
2020,Cross-species transmission of poultry pathogens in backyard farms: ducks as carriers of chicken viruses.
2020,"Alphacoronavirus Detection in Lungs, Liver, and Intestines of Bats from Brazil."
2020,Retrospective phase-based gating for cardiac proton spectroscopy with fixed scan time.
2020,Effect of cat litters on feline coronavirus infection of cell culture and cats.
2020,MERS-CoV infection among healthcare workers and risk factors for death: Retrospective analysis of all laboratory-confirmed cases reported to WHO from 2012 to 2 June 2018.
2020,Music of microbiota against SARS CoV-2.
2020,Knowledge and practices of primary health care physicians regarding updated guidelines of MERS-CoV infection in Abha city.
2020,Effects of Age on Voice Onset Time and Variability in Children with Repaired Cleft Palate.
2020,A phase I/II study of poziotinib combined with paclitaxel and trastuzumab in patients with HER2-positive advanced gastric cancer.
2020,SARS coronavirus protein nsp1 disrupts localization of Nup93 from the nuclear pore complex.
2020,Identification and Characterization of a Human Coronavirus 229E Nonstructural Protein 8-Associated RNA 3'-Terminal Adenylyltransferase Activity.
2020,Preliminary investigation on feline coronavirus presence in the reproductive tract of the tom cat as a potential route of viral transmission.
2020,The Infectious Bronchitis Coronavirus Envelope Protein Alters Golgi pH To Protect the Spike Protein and Promote the Release of Infectious Virus.
2020,Early respiratory viral infections in infants with cystic fibrosis.
2020,"Ilaprazole Compared With Rabeprazole in the Treatment of Duodenal Ulcer: A Randomized, Double-blind, Active-controlled, Multicenter Study."
2020,Efficacy of gummy lozenges containing Erysimum as ancillary treatment in children with sore throat.
2020,Listerial meningitis: A diagnostic dilemma.
2020,Classification criteria for the deceased referred for forensic post-mortem examinations with regard to epidemiological risk posed by SARS CoV-2/COVID-19 during the pandemic.
2020,Recommendations of the Polish Society of Forensic Medicine and Criminology and National Consultant for forensic medicine with regard to performing forensic post-mortem examinations in case of confirmed COVID-19 disease and suspected SARS CoV-2 infections.
2020,A Simple and Multiplex Loop-Mediated Isothermal Amplification (LAMP) Assay for Rapid Detection of SARS-CoV.
2020,Social Cognitive Effects and Mediators of a Pilot Telephone Counseling Intervention to Increase Aerobic Exercise in Hematologic Cancer Survivors.
2020,Evaluation of the Seegene Allplex™ Respiratory Panel for diagnosis of acute respiratory tract infections.
2020,Use of ribavirin in viruses other than hepatitis C. A review of the evidence.
2020,Saline-push improves rubidium-82 PET image quality.
2020,"Report from the World Health Organization's third Product Development for Vaccines Advisory Committee (PDVAC) meeting, Geneva, 8-10th June 2016."
2020,"[The early phase of the COVID-19 pandemic in Bavaria, Germany]."
2020,Contrast between prevalence of HIT-antibodies and confirmed HIT in hospitalized COVID-19 patients: a prospective study with clinical implications.
2020,Diabetes Mellitus and Hypertension as Major Risk Factors of Mortality From Covid-19 Pneumonia.
2020,[Consenso experto en tiempos de COVID-19: aplicaciones del método Delphi en materia de salud].
2020,[Correlación de variables ecocardiográficas y biomarcadores en pacientes graves con COVID-19].
2020,Biosafety Requirements for Autopsies of Patients with COVID-19: Example of a BSL-3 Autopsy Facility Designed for Highly Pathogenic Agents.
2020,"Association of Sex, Age, and Comorbidities with Mortality in COVID-19 Patients: A Systematic Review and Meta-Analysis."
2020,"Biologic Therapies, Psoriasis, and COVID-19: Our Experience at the Psoriasis Unit of the University of Naples Federico II."
2020,Technology Enabled Clinical Care (TECC): Protocol for Prospective-Longitudinal-Cohort Study of Smartphone Augmented Mental Health Treatment.
2020,"Physical activity, nutritional habits and sleeping behavior in health professions students and employees of a Swiss University of Applied Sciences during and after the COVID-19 confinement period: A protocol for a questionnaire survey study."
2020,"Anxiety and suicidal thoughts during COVID-19 pandemic: A cross-country comparison among Indonesian, Taiwanese, and Thai university students."
2020,US County-Level Social Distancing and Policy Impact: A Dynamical Systems Model.
2020,Seroprevalence of SARS-CoV-2 (COVID-19) among healthcare workers in Saudi Arabia: comparing case and control hospitals.
2020,Acute myocardial infarction secondary to COVID-19 infection: A case report and review of the literature.
2020,Psychiatric morbidity and protracted symptoms after COVID-19.
2020,Psychological distress in the face of a pandemic: An observational study characterizing the impact of COVID-19 on immigrant outpatient mental health.
2020,Predictors of adverse in-hospital outcome and recovery in patients with diabetes mellitus and COVID-19 pneumonia in Iraq.
2020,"Predictive value of chest CT scoring in COVID-19 patients in Wuhan, China: A retrospective cohort study."
2020,Does prioritizing patient safety during the COVID-19 pandemic come at the expense of patient satisfaction?
2020,Functional SARS-CoV-2-Specific Immune Memory Persists after Mild COVID-19.
2020,"Longitudinal Multi-omics Analyses Identify Responses of Megakaryocytes, Erythroid Cells, and Plasmablasts as Hallmarks of Severe COVID-19."
2020,Low-Avidity CD4<sup>+</sup> T Cell Responses to SARS-CoV-2 in Unexposed Individuals and Humans with Severe COVID-19.
2020,SARS-CoV-2 mRNA Vaccines Foster Potent Antigen-Specific Germinal Center Responses Associated with Neutralizing Antibody Generation.
2020,Targeting ACE2 for COVID-19 Therapy: Opportunities and Challenges.
2020,COVID-19 mimics on chest CT: a pictorial review and radiologic guide.
2020,Ultrasensitive Detection Platform of Disease Biomarkers Based on Recombinase Polymerase Amplification with H-Sandwich Aptamers.
2020,Interpretation of the Basic and Effective Reproduction Number.
2020,The Effectiveness of Community-based Social Distancing for Mitigating the Spread of the COVID-19 Pandemic in Turkey.
2020,Anticipating the Need for Healthcare Resources Following the Escalation of the COVID-19 Outbreak in the Republic of Kazakhstan.
2020,Impact on clinical learning during coronavirus disease 2019 pandemic: from disruption to recovery and the new norms.
2020,Audio Interview: SARS-CoV-2 Vaccination and Vulnerable Populations.
2020,Tocilizumab for Covid-19 - The Ongoing Search for Effective Therapies.
2020,A Mechanism-based Pharmacokinetic Model of Remdesivir Leveraging Interspecies Scaling to Simulate COVID-19 Treatment in Humans.
2020,Can Rituximab Be Used In The Treatment Of Pemphigus Vulgaris During The COVID-19 Pandemic?
2020,ABO Blood groups in COVID-19 patients; cross-sectional study.
2020,The perception of nurses towards their roles during the COVID-19 pandemic.
2020,COVID-19 and residential aged care: priorities for optimising preparation and management of outbreaks.
2020,"Outcomes for patients with COVID-19: known knowns, known unknowns, and unknown unknowns."
2020,Withdrawal of intensive care during times of severe scarcity: Triage during a pandemic only upon arrival or with the inclusion of patients who are already under treatment?
2020,Effects of Inhaled Nitric Oxide in COVID-19 induced ARDS - is it worthwhile?
2020,An Analysis of COVID-19 Patients Receiving Care in a Tertiary Facility in Southern Nigeria.
2020,COVID-19 VACCINE IS HERE!!!
2020,Transmissibility of COVID-19 depends on the viral load around onset in adult and symptomatic patients.
2020,Clinician-researcher's perspectives on clinical research during the COVID19 pandemic.
2020,"Predictors of misconceptions, knowledge, attitudes, and practices of COVID-19 pandemic among a sample of Saudi population."
2020,Severe acute kidney injury in COVID-19 patients is associated with in-hospital mortality.
2020,The local stability of a modified multi-strain SIR model for emerging viral strains.
2020,COVID-MATCH65-A prospectively derived clinical decision rule for severe acute respiratory syndrome coronavirus 2.
2020,COVID-19 mortality risk assessment: An international multi-center study.
2020,Knowledge of prevention of COVID-19 among the general people in Bangladesh: A cross-sectional study in Rajshahi district.
2020,Empirical model for short-time prediction of COVID-19 spreading.
2020,Comparison of COVID-19 infections among healthcare workers and non-healthcare workers.
2020,Development and external validation of a prognostic tool for COVID-19 critical disease.
2020,"[Complicaciones trombóticas en COVID-19 grave: enfoque en tromboembolia venosa, tromboprofilaxis y anticoagulación]."
2020,[Colocación de sondas nasogástricas en pacientes con COVID-19: ¿debemos preocuparnos por el riesgo de producción de aerosoles?]
2020,"Clinical Characteristics of 33 Asymptomatic COVID-19 Infections in Wuhan, China."
2020,Atypical course of COVID-19 in patient with Bruton agammaglobulinemia.
2020,What should we do for the safe transportation of COVID-19 patients?
2020,A review of the prevalence of COVID-19 in the Arab world.
2020,What influences the infection of COVID-19 in healthcare workers?
2020,"Mental Health Response to the COVID-19 Pandemic: Effectiveness of a Daily Supportive Text Message (Text4Hope) Program at Six Weeks in Reducing Stress, Anxiety, and Depression in Subscribers."
2020,"Impact of a Serious Game on the Intention to Change Infection Prevention and Control Practices in Nursing Homes during the COVID-19 Pandemic: Protocol for a Web-Based, Randomized Controlled Trial."
2020,Food Worry in the Deaf and Hard-of-Hearing Population During the COVID-19 Pandemic.
2020,Gradgrind on COVID-19.
2020,A CT-based radiomics nomogram for predicting prognosis of coronavirus disease 2019 (COVID-19) radiomics nomogram predicting COVID-19.
2020,Recent Insights into Emerging Coronavirus: SARS-CoV-2.
2020,Is COVID-19 Associated With Posttraumatic Stress Disorder?
2020,Validation of pneumonia prognostic scores in a statewide cohort of hospitalized patients with COVID-19.
2020,Phytotherapics in COVID19: Why palmitoylethanolamide?
2020,Increased child abuse in Uganda amidst COVID-19 pandemic.
2020,"COVID-19, microthromboses, inflammation, and platelet activating factor."
2020,"Expression of ACE2, TMPRSS2, and Furin in mouse ear tissue, and the implications for SARS-CoV-2 infection."
2020,Antibiotic Prescribing for Acute Rhinosinusitis: In-Person Versus Virtual Visits During Covid-19.
2020,Trends of interventional radiology procedures during the COVID-19 pandemic: the first 27 weeks in the eye of the storm.
2020,Reliability and limits of transport-ventilators to safely ventilate severe patients in special surge situations.
2020,Application of the PET ligand [<sup>11</sup>C]ORM-13070 to examine receptor occupancy by the α<sub>2C</sub>-adrenoceptor antagonist ORM-12741: translational validation of target engagement in rat and human brain.
2020,Effect of early oseltamivir on outpatients without hypoxia with suspected COVID-19.
2020,#MoreThanAVisitor: Families as &quot;Essential&quot; Care Partners During COVID-19.
2020,Mucocutaneous Manifestations of Multisystem Inflammatory Syndrome in Children During the COVID-19 Pandemic.
2020,Rapid Deployment of National Guard Alternative Healthcare Facility With Isolation Unit Capabilities in Response to COVID-19.
2020,"The Healthy Brain and Child Development Study-Shedding Light on Opioid Exposure, COVID-19, and Health Disparities."
2020,Understanding the relationship between viral infections and trace elements from a metallomics perspective: implications for COVID-19.
2020,Reverse Zoonosis of COVID-19: Lessons From the 2009 Influenza Pandemic.
2020,An infectious cDNA clone of a growth attenuated Korean isolate of MERS coronavirus KNIH002 in clade B.
2020,Pandemic Considerations on Essential Oral Health Care.
2020,Exploring the possible use of saponin adjuvants in COVID-19 vaccine.
2020,"The Effects of COVID-19 Home Confinement in Dementia Care: Physical and Cognitive Decline, Severe Neuropsychiatric Symptoms and Increased Caregiving Burden."
2020,Cutaneous manifestations in an Italian military COVID hub.
2020,Nowadays COVID underestimates the other suspects.
2020,Prone positioning in non-intubated patients with COVID-19.
2020,Evaluation of the relationship of serum vitamin D levels in COVID-19 patients with clinical course and prognosis.
2020,"Clinical presentation of health care workers with symptoms of coronavirus disease 2019 at the İzmir tertiary education hospital, during an early phase of the pandemic."
2020,"[COVID-19 emergency management at the Nephrology and Dialysis Unit in Savona, Albenga and Cairo Montenotte]."
2020,[SARS CoV-2 related disease features in a population of chronic hemodialysis patients].
2020,[The COVID-19 pandemic and hemodialysis: a multicentric experience].
2020,[Covid-19 pandemic: an anthropological emergency].
2020,Allocating a COVID-19 Vaccine: Balancing National and International Responsibilities.
2020,Prediction of Putative Epitope-based Vaccine Against All Corona Virus strains for Chinese Population: Approach toward Development of Vaccine.
2020,"Social participation and posttraumatic growth: The serial mediation of hope, social support, and reappraisal."
2020,COVID-19 and racism.
2020,SARS-CoV-2 positive tests efficiently predict pressure on healthcare system.
2020,COVID-19 and Tuberculosis Overlapping epidemics: A holistic review from Pakistan.
2020,Saliva for diagnosis of SARS-CoV-2: first report from India.
2020,COVID-19 related fatigue: which role for rehabilitation in post-COVID-19 patients? A case series.
2020,On collaborative reinforcement learning to optimize the redistribution of critical medical supplies throughout the COVID-19 pandemic.
2020,"Biotechnology, nanotechnology and medicine."
2020,SARS-CoV-2 Spike protein binds to bacterial lipopolysaccharide and boosts proinflammatory activity.
2020,Assessing uncertainty in the rooting of the SARS-CoV-2 phylogeny.
2020,How does China keep COVID-19 outside its boarder? First-hand experience of medical staff at an international airport in China.
2020,INFLUENCES OF FAMILY AND HOUSEHOLD CHARACTERISTICS ON CHILDREN'S LEVEL OF PHYSICAL ACTIVITY DURING SOCIAL DISTANCING DUE TO COVID-19 IN BRAZIL.
2020,Not everything is condemned by COVID-19.
2020,A glance upon Epigenetic and COVID-19.
2020,[Causes of admission to the Cayetano Heredia Hospital during the COVID-19 pandemic].
2020,[COVID-19 outbreak in a peruvian shelter].
2020,[Artificial intelligence as a support for non-pharmacological interventions against COVID-19].
2020,[Cancer care challenges during COVID -19 pandemic].
2020,[Reply: laboratory tests for identification of SARS-CoV-2 during pandemic times in Peru: some clarification regarding «diagnostic performance»].
2020,[Laboratory tests for identification of SARS-CoV-2 during pandemic times in Peru: some clarification regarding «diagnostic performance»].
2020,[Reply: considerations on the evaluation under field conditions of a rapid test for detection of IgM and IgG antibodies against SARS-CoV-2].
2020,[Considerations on the evaluation under field conditions of a rapid test for detection of IgM and IgG antibodies against SARS-CoV-2].
2020,[COVID-19-associated multisystem inflammatory syndrome in children: case series at a pediatric hospital in Peru].
2020,"[Healthcare challenges for people with diabetes during the national state of emergency due to COVID-19 in Lima, Peru: primary healthcare recommendations]."
2020,Interns' perceptions about the medical internship suspension during the COVID-19 quarantine.
2020,[Strategies and current status of the race to develop a SARS-CoV-2 vaccine].
2020,What is the Nursing research agenda for the COVID-19 pandemic?
2020,Social distancing measures and demands for the reorganization of hemotherapy services in the context of Covid-19.
2020,Spatial analysis of Brazil's COVID-19 response capacity: a proposal for a Healthcare Infrastructure Index.
2020,Government strategies to ensure the human right to adequate and healthy food facing the Covid-19 pandemic in Brazil.
2020,Health promotion and quality of life: a historical perspective of the last two 40 years (1980-2020).
2020,Position Statement on COVID-19 and Pregnancy in Women with Heart Disease Department of Women Cardiology of the Brazilian Society of Cardiology - 2020.
2020,Cardiovascular Imaging in Patients with COVID-19.
2020,Emerging Topics in Heart Failure: COVID-19 and Heart Failure.
2020,Actions Against Covid-19 in the Down Syndrome Population.
2020,COVID-19 Infection in a Cardiopatic Pregnant Woman.
2020,Disease Severity Affects Ventricular Repolarization Parameters in Patients With COVID-19.
2020,The Unapparent Non-COVID Consequences of the COVID-19 Pandemic.
2020,COVID-19 and coinfection with Clostridioides (Clostridium) difficile in an infant with gastrointestinal manifestation.
2020,COVID-19 information exposure in digital media and implications for employees in the health care sector: findings from an online survey.
2020,Assessment of patients with acute respiratory symptoms during the COVID-19 pandemic by Telemedicine: clinical features and impact on referral.
2020,Acute Disseminated Encephalomyelitis in COVID-19: presentation of two cases and review of the literature.
2020,Telemedicine in neurology: current evidence.
2020,Smell and taste alterations in COVID-19 patients: a systematic review.
2020,Knowledge and attitudes towards COVID-19 among emergency medical service workers.
2020,Home Care as a safe alternative during the COVID-19 crisis.
2020,COVID-19: scars of the virus and stories caused by social isolation and mourning.
2020,COVID-19 and stroke: a thromboembolic hypothesis.
2020,Pressure injury related to the use of personal protective equipment in COVID-19 pandemic.
2020,Health education workshops with children in the context of COVID-19 pandemic.
2020,Coronavirus pandemic in light of nursing theories.
2020,COVID-19 pandemic: report on the use of auriculotherapy to optimize emergency workers' health.
2020,The multidisciplinary surgical center team's response to the COVID-19 pandemic.
2020,Tracing the driving forces responsible for the remarkable infectivity of 2019-nCoV: 1. Receptor binding domain in its bound and unbound states.
2020,[Impact of COVID-19 pandemic on structural heart interventions in Italy].
2020,"COVID-19 and the Kidneys: Risk, Damage and Sequelae."
2020,Silent or 'Happy' Hypoxemia: An Urgent Dilemma for COVID-19 Patient Care.
2020,Not Infected but Physically and Mentally Affected: Older Cubans and COVID-19.
2020,"COVID-19, Your Pet and Other Animals: Are You at Risk?"
2020,SARS-CoV-2 Transmission Channels: A Review of the Literature.
2020,COVID-19 in Cuba: Assessing the National Response.
2020,Fallen in the Face of COVID-19: Graduates of Cuba's Latin American School of Medicine (ELAM).
2020,A PAHO Perspective on COVID-19 in Cuba José Moya MD MPH PhD.
2020,"Early Action, Applied Research &amp; Collaboration to Combat COVID-19: María Guadalupe Guzmán MD PhD DSc."
2020,"SOBERANA, Cuba's COVID-19 Vaccine Candidates: Dagmar García-Rivera PhD."
2020,COVID-19 and the Rocket Science of Public Health.
2020,"Cuba's COVID-19 Strategy: Main Actions through April 23, 2020."
2020,"Moral philosophy, pragmatism, and the larger cause: why &quot;war&quot; metaphors are needed during pandemics."
2020,Hydroxychloroquine and Remdesivir in COVID-19: A critical analysis of recent events.
2020,Must there be a &quot;war&quot; against coronavirus?
2020,To comfort always: Are we ignoring this duty in Covid protocols?
2020,&quot;Slow research&quot; in the time of Covid-19.
2020,Age-based discrimination in Covid-19 patient care.
2020,Ethics of clinical research and practice in India during the Covid-19 pandemic.
2020,Two sides of a coin: differential response to COVID-19 distancing measures in children with narcolepsy.
2020,The Impact of the COVID-19 Pandemic on Self-Reported Health.
2020,Ethno-cultural disparities in mental health during the COVID-19 pandemic: a cross-sectional study on the impact of exposure to the virus and COVID-19-related discrimination and stigma on mental health across ethno-cultural groups in Quebec (Canada).
2020,Reimagining medical education for primary care in the time of COVID-19: a world view.
2020,Phone-based outpatients' follow-up in mental health centers during the COVID-19 quarantine.
2020,Factors associated with mental health outcomes among health care workers in the Fangcang shelter hospital in China.
2020,Anosmia: A Clinical Indicator of COVID-19 Reinfection.
2020,The Impact of the COVID-19 Pandemic on Follow-Ups for Vertigo/Dizziness Outpatients.
2020,Radiotherapy management of rectal cancer in the backdrop of the COVID pandemic.
2020,"Experimental challenge of a North American bat species, big brown bat (Eptesicus fuscus), with SARS-CoV-2."
2020,An overview of the effect of bioaerosol size in coronavirus disease 2019 transmission.
2020,Simultaneous dual-gene diagnosis of SARS-CoV-2 based on CRISPR/Cas9-mediated lateral flow assay.
2020,Consensus statement: Safe Airway Society principles of airway management and tracheal intubation specific to the COVID-19 adult patient group.
2020,Pain During COVID-19: A Comprehensive Review and Guide for the Interventionalist.
2020,How have older adults reacted to coronavirus disease 2019?
2020,Time for a clear national COVID-19 strategy.
2020,"Incidence, clinical characteristics, risk factors and outcomes of Guillain-Barré syndrome in patients with Covid-19."
2020,Letter from Japan: Re-thinking our future.
2020,Consensus statement: Safe Airway Society principles of airway management and tracheal intubation specific to the COVID-19 adult patient group.
2020,PPE for your mind: a peer support initiative for health care workers.
2020,Evaluation of the chronic disease management and depression levels of people over 65 years of age during the COVID-19 pandemic period.
2020,Racial disparities in patients with coronavirus disease 2019 infection and gynecologic malignancy.
2020,Impact of 2020 SARS-CoV-2 outbreak on telemedicine management of cardiovascular disease in Italy.
2020,Communication strategies and media discourses in the age of COVID-19: an urgent need for action.
2020,"Health literacy and disparities in COVID-19-related knowledge, attitudes, beliefs and behaviours in Australia."
2020,"Impact of COVID-19 on healthcare activity in NSW, Australia."
2020,"Converging crises: public interest journalism, the pandemic and public health."
2020,"Reflections on a highly unusual summer: bushfires, COVID-19 and mosquito-borne disease in NSW, Australia."
2020,How has COVID-19 impacted cancer screening? Adaptation of services and the future outlook in Australia.
2020,The Australian health system response to COVID-19 from a resilient health care perspective: what have we learned?
2020,Stress and psychological resilience among general surgery residents during COVID-19 pandemic.
2020,Clinical characteristics and in-hospital outcome of medical staff infected with COVID-19 in Saudi Arabia. A retrospective single-center study.
2020,The battle against Coronavirus disease 2019 (COVID-19) in the Kingdom of Saudi Arabia. Public health perspective.
2020,Foreign-body Ingestions in Children During COVID-19 Pandemic in a Pediatric Referral Center.
2020,The Potential for Repurposing Anti-TNF as a Therapy for the Treatment of COVID-19.
2020,The Pandemic Lens: Focusing across Time Scales for Local-Global Sustainability.
2020,A High-Content Screen for Mucin-1-Reducing Compounds Identifies Fostamatinib as a Candidate for Rapid Repurposing for Acute Lung Injury.
2020,Feasibility and Safety of Prone Position Transport for Severe Hypoxemic Respiratory Failure Due to Coronavirus Disease 2019.
2020,Experience With Cardiology-Oriented Outcomes in Critically Ill Patients With Coronavirus Disease 2019.
2020,The Impact of COVID-19 on Criminal Investigations and Proceedings in Sweden - A Snapshot of Practitioners' Realities.
2020,"Here, the huge rainbow within the COVID-19 storm."
2020,Identification of a SARS-like bat coronavirus that shares structural features with the spike glycoprotein receptor-binding domain of SARS-CoV-2.
2020,Protocol for a Systematic Review Assessing Surgery versus Primary Endocrine Therapy in Operable Breast Cancer. Prep for Pandemic.
2020,Correlation of subway turnstile entries and COVID-19 prevalence and deaths in New York City.
2020,Modeling and forecasting of COVID-19 using a hybrid dynamic model based on SEIRD with ARIMA corrections.
2020,"Widespread testing, case isolation and contact tracing may allow safe school reopening with continued moderate physical distancing: A modeling analysis of King County, WA data."
2020,Comprehensive in silico identification of impacts of <i>ACE2</i> SNPs on COVID-19 susceptibility in different populations.
2020,"Molecular docking, molecular dynamics, and <i>in vitro</i> studies reveal the potential of angiotensin II receptor blockers to inhibit the COVID-19 main protease."
2020,"The prevalence of general anxiety disorder and its associated factors among women's attending at the perinatal service of Dilla University referral hospital, Dilla town, Ethiopia, April, 2020 in Covid pandemic."
2020,The use of Twitter by state leaders and its impact on the public during the COVID-19 pandemic.
2020,Research During the SARS-CoV-2 Pandemic.
2020,"A Randomized, Crossover Pilot Study of a Novel Web-Based/Mobile Platform for Collaborative Small Group Practice in Therapeutic Reasoning."
2020,Pandemics Past and Present: A Guided Inquiry Approach.
2020,Patient Perspectives on Telepsychiatry on the Inpatient Psychiatric Unit During the COVID-19 Pandemic.
2020,Development of a Communications Program to Support Care of Critically Ill Coronavirus Disease 2019 (COVID-19) Patients.
2020,Evaluating the Telehealth Experience of Patients With COVID-19 Symptoms: Recommendations on Best Practices.
2020,COVID-19 Pandemic Accelerates Need to Improve Online Patient Engagement Practices to Enhance Patient Experience.
2020,Patient Experience of Obstetric Care During the COVID-19 Pandemic: Preliminary Results From a Recurring National Survey.
2020,The Use of Empathic Communication During the COVID-19 Outbreak.
2020,Living With a Trifecta of Pain and Cancer With Personal Reflections of COVID-19.
2020,The COVID-19 Pandemic and Italian Public Mental Health Services: Experience and Future Directions.
2020,A Practical Guide for Frontline Workers During COVID-19: Kolcaba's Comfort Theory.
2020,Extensive Peripheral Arterial Thrombosis in a Patient with SARS-CoV-2 Infection.
2020,A BRIEF UPDATE ON THE EFFECT OF THE COVID-19 PANDEMIC ON HIP AND KNEE ARTHROPLASTY PATIENTS IN THE UNITED STATES A Multicenter Update to a Previous Survey Study of Patients Postponed by the Pandemic.
2020,A comprehensive dataset for bibliometric analysis of SARS and coronavirus impact on social sciences.
2020,Association of climatic factors with COVID-19 in Pakistan.
2020,Generalized Richards model for predicting COVID-19 dynamics in Saudi Arabia based on particle swarm optimization Algorithm.
2020,Transmission dynamics of COVID-19 in Algeria: The impact of physical distancing and face masks.
2020,The Impact of Diabetes Mellitus in COVID-19: A Mechanistic Review of Molecular Interactions.
2020,Differences in Clinical Features and Laboratory Results between Adults and Children with SARS-CoV-2 Infection.
2020,A Systematic Review on the Investigation of SARS-CoV-2 in Semen.
2020,Improved strategies to counter the COVID-19 pandemic: Lockdowns vs. Primary and Community Healthcare.
2020,"Corrigendum to &quot;Choose your shortcuts wisely: COVID-19 rapid reviews of traditional, complementary and integrative medicine&quot; [Integr Med Res 2020; 9: 100484]."
2020,Rapidly developing large pneumatocele and spontaneous pneumothorax in SARS-CoV-2 infection.
2020,The Shoulder Telehealth Assessment Tool in Transition to Distance Orthopedics.
2020,Are losartan and imatinib effective against SARS-CoV2 pathogenesis? A pathophysiologic-based in silico study.
2020,The Use of Mobile-technologies to Deliver Integrative Medicine During and Beyond the COVID-19 World Pandemic.
2020,Immunotherapy or other anti-cancer treatments and risk of exacerbation and mortality in cancer patients with COVID-19: a systematic review and meta-analysis.
2020,Prevalence and Neighborhood Geomapping of COVID-19 in an Underserved Chicago Pregnant Population.
2020,Hospitals' responsibility in response to the threat of infectious disease outbreak in the context of the COVID-19 pandemic: Implications for low- and middle-income countries.
2020,Global health governance for travel health: Lessons learned from the coronavirus disease 2019 (COVID-19) outbreaks in large cruise ships.
2020,From Radiological Manifestations to Pulmonary Pathogenesis of COVID-19: A Bench to Bedside Review.
2020,Management of Patients With Glomerulonephritis During the COVID-19 Pandemic: Recommendations From the Canadian Society of Nephrology COVID-19 Rapid Response Team.
2020,"Evaluation of electrolyte status of sodium, potassium and magnesium, and fasting blood sugar at the initial admission of individuals with COVID-19 without underlying disease in Golestan Hospital, Kermanshah."
2020,Case study: diagnosis and operative management of de Garengeot hernia without appendectomy during the COVID-19 pandemic.
2020,Cochrane corner: rapid point-of-care antigen and molecular-based tests for the diagnosis of COVID-19 infection.
2020,"Clinical characteristics, treatment regimen and duration of hospitalization among COVID-19 patients in Ghana: a retrospective cohort study."
2020,Cochrane corner: digital contact tracing technologies in epidemics.
2020,Epidemiological characteristics and treatment outcomes of hospitalized patients with COVID-19 in Ethiopia.
2020,Preventing Acute Respiratory Distress Syndrome (ARDS) and to avoiding intubation in patients with COVID-19: an experience from a reanimation service in Morocco.
2020,"[Psychosocial care for contacts of confirmed cases of COVID-19 in Touba, Senegal]."
2020,Antibody tests for diagnosing COVID-19: how relevant are they?
2020,COVID-19 pandemic: implementing control measures in Africa using the 'SHEF2' model.
2020,Social approaches to COVID-19 pandemic response: effectiveness and practicality in sub-Saharan Africa.
2020,"Malaria and COVID-19: commonalities, intersections and implications for sustaining malaria control."
2020,COVID-19 and the Central Dogma: an Activity To Improve Student Learning and Engagement.
2020,Detection of Viruses by Multiplex Real-Time Polymerase Chain Reaction in Bronchoalveolar Lavage Fluid of Patients with Nonresponding Community-Acquired Pneumonia.
2020,Coronavirus Disease 2019 and Cardiac Arrhythmias.
2020,Brachytherapy practice during the COVID-19 pandemic: a review on the practice changes.
2020,The Fear of COVID-19 Scale: Psychometric Properties of the Ethiopian Amharic Version.
2020,Exercise Addiction During the COVID-19 Pandemic: an International Study Confirming the Need for Considering Passion and Perfectionism.
2020,"Resilience, Hope, and Subjective Happiness Among the Turkish Population: Fear of COVID-19 as a Mediator."
2020,Correction to: The consequences of coronavirus outbreak on commodity markets.
2020,Combination of obesity and co-morbidities leads to unfavorable outcomes in COVID-19 patients.
2020,Incremental Costs Associated with Length of Hospitalization Due to Viral Pneumonia: Impact of Intensive Care and Economic Implications of Reducing the Length of Stay in the Era of COVID-19.
2020,Targeting Polyamine Metabolism for Control of Human Viral Diseases.
2020,Delirium: A Frequent Manifestation in COVID-19 Older Patients.
2020,The Impact of the COVID-19 Pandemic on Ophthalmic Care at an Eye-Specific Emergency Department in an Outbreak Hotspot.
2020,Geographic Disparities in COVID-19 Infections and Deaths: The Role of Transportation.
2020,"The effect of a mobile HEPA filter system on 'infectious' aerosols, sound and air velocity in the SenseLab."
2020,The Mutual Constraints of States and Global Value Chains during COVID-19: The Case of Personal Protective Equipment.
2020,"Lessons from a COVID-19 hospital, Republic of Korea."
2020,"Fangcang shelter hospitals during the COVID-19 epidemic, Wuhan, China."
2020,"Cheryl Cohen: tracking respiratory diseases, informing policy."
2020,Ensuring equitable access to COVID-19 vaccines.
2020,Unaligned connections or enlarging engagements? Tertiary education in developing countries and the implementation of the SDGs.
2020,Neutralizing antibodies for the treatment of COVID-19.
2020,Smartwatch data help detect COVID-19.
2020,Rapid one-step detection of SARS-CoV-2 RNA.
2020,COVID vaccines: the world's medical regulators need access to open data.
2020,Excitement as outspoken HIV researcher named to lead key US health agency.
2020,Oxford COVID-vaccine paper highlights lingering unknowns about results.
2020,COVID-19: neonatal-perinatal perspectives.
2020,Older adults lack SARS CoV-2 cross-reactive T lymphocytes directed to human coronaviruses OC43 and NL63.
2020,"SARS-CoV-2 receptor ACE2 is co-expressed with genes related to transmembrane serine proteases, viral entry, immunity and cellular stress."
2020,Absence of relevant QT interval prolongation in not critically ill COVID-19 patients.
2020,Building resilient Arctic science amid the COVID-19 pandemic.
2020,A cross-talk between epithelium and endothelium mediates human alveolar-capillary injury during SARS-CoV-2 infection.
2020,"A blood transcriptome-based analysis of disease progression, immune regulation, and symptoms in coronavirus-infected patients."
2020,Diagnosis-wide analysis of COVID-19 complications: an exposure-crossover study.
2020,Which factors should be included in triage? An online survey of the attitudes of the UK general public to pandemic triage dilemmas.
2020,National primary care responses to COVID-19: a rapid review of the literature.
2020,Protocol for a systematic review and meta-analysis of respiratory rehabilitation following intensive care unit discharge for COVID-19 survivors.
2020,SARS-CoV-2 infection of the CNS in a patient with meningeosis carcinomatosa.
2020,"A Fast and Accessible Method for the Isolation of RNA, DNA, and Protein to Facilitate the Detection of SARS-CoV-2."
2020,Corrected Minute Ventilation Is Associated With Mortality in ARDS Caused by COVID-19.
2020,"Utility of established prognostic scores in COVID-19 hospital admissions: multicentre prospective evaluation of CURB-65, NEWS2 and qSOFA."
2020,Covid-19: Mass testing in Slovakia may have helped cut infections.
2020,Diabetes and COVID-19-Related Mortality in Women and Men in the UK Biobank: Comparisons With Influenza/Pneumonia and Coronary Heart Disease.
2020,Three-quarters attack rate of SARS-CoV-2 in the Brazilian Amazon during a largely unmitigated epidemic.
2020,"Outbreak of SARS-CoV-2 infection at a large refugee shelter in Toronto, April 2020: a clinical and epidemiologic descriptive analysis."
2020,How primary healthcare in Iceland swiftly changed its strategy in response to the COVID-19 pandemic.
2020,Epidemiological characterisation of asymptomatic carriers of COVID-19 in Colombia: a cross-sectional study.
2020,"Impacts and interactions of COVID-19 response involvement, health-related behaviours, health literacy on anxiety, depression and health-related quality of life among healthcare workers: a cross-sectional study."
2020,"Study protocol for a multicentre, prospective cohort study of the association of angiotensin II type 1 receptor blockers on outcomes of coronavirus infection."
2020,COVID-19 and the eye.
2020,Testing the socioeconomic determinants of COVID-19 pandemic hypothesis with aggregated Human Development Index.
2020,SARS-CoV-2 infection and adverse outcomes in users of ACE inhibitors and angiotensin-receptor blockers: a nationwide case-control and cohort analysis.
2020,"Covid-19: EU countries spent over €220m stockpiling remdesivir despite lack of effectiveness, finds investigation."
2020,Anti-inflammatory therapy for COVID-19 infection: the case for colchicine.
2020,"Social Media Use, Unhealthy Lifestyles and the Risk of Miscarriage Among Pregnant Women in the COVID-19 Pandemic: Prospective Observational Study."
2020,"Knowledge, Perceived Beliefs, and Preventive Behaviors toward COVID-19 among Chinese Older Adults: An Online Cross-Sectional Survey."
2020,[Impacts on the mental health of the elderly patient after COVID-19: Post-traumatic stress disorder. About clinical case].
2020,SARS-CoV-2: Targeted managements and vaccine development.
2020,"Adaptation to hypobaric hypoxia of residents at high altitude, to counteract COVID-19 disease."
2020,Petechial lesions in a patient with COVID-19.
2020,ST-elevation acute coronary syndrome without obstructive coronary disease in a COVID-19 patient.
2020,What Role Does Pathogen-Avoidance Psychology Play in Pandemics?
2020,"Emotional freedom techniques on nurses' stress, anxiety, and burnout levels during the COVID-19 pandemic: A randomized controlled trial."
2020,When pandemics collide: The impact of COVID-19 on childhood obesity.
2020,COVID-19: Broadening the horizons of U.S. harm reduction practices through managed alcohol programs.
2020,The use of mindfulness dialogue for life in substance use disorder treatment in the time of COVID-19.
2020,How to ensure we can track and trace global use of COVID-19 vaccines?
2020,Home-based COVID 19 management: A consensus document from Italian general medical practitioners and hospital consultants in the Lombardy region (Italy).
2020,"COVID-19 related acute decline in paediatric admissions in Malta, a population-based study."
2020,Lung Ultrasound for Evaluation of COVID-19 in Children.
2020,High serum nitrates levels in non-survivor COVID-19 patients.
2020,"Rapid response to COVID-19, escalation and de-escalation strategies to match surge capacity of Intensive Care beds to a large scale epidemic."
2020,Ivermectin Treatment May Improve the Prognosis of Patients With COVID-19.
2020,Ensuring Safety of Operation Warp Speed Vaccines for COVID-19.
2020,"Evidence of SARS-CoV-2 RNA in an Oropharyngeal Swab Specimen, Milan, Italy, Early December 2019."
2020,"COVID-19-Associated Fusobacterium nucleatum Bacteremia, Belgium."
2020,Quarantine and the risk of COVID-19 importation.
2020,"Evaluation of Emotional (Depression) and Behavioral (Nutritional, Physical Activity, Sleep) Status of Turkish Adults during the Covid-19 Pandemic Period."
2020,SARS-CoV-2 Seroprevalence in Healthcare Personnel in Northern California Early in the COVID-19 Pandemic.
2020,Time to R<sub>t</sub> &lt; 1 for COVID-19 public health lockdown measures.
2020,Food insecurity and its association with changes in nutritional habits among adults during the COVID-19 confinement measures in Belgium.
2020,The role of nicotinic receptors in SARS-CoV-2 receptor ACE2 expression in intestinal epithelia.
2020,Development and implementation of an end-of-shift clinical debriefing method for emergency departments during COVID-19.
2020,Autonomic balance determines the severity of COVID-19 courses.
2020,&quot;Staying at home&quot; to tackle COVID-19 pandemic: rhetoric or reality? Cross-cutting analysis of nine population groups vulnerable to homelessness in Japan.
2020,Rheumatic manifestations of COVID-19: a systematic review and meta-analysis.
2020,Application of artificial neural networks to predict the COVID-19 outbreak.
2020,Pharmacy services during COVID-19 pandemic: experience from a tertiary care teaching hospital in Pakistan.
2020,Perspectives on the COVID-19 pandemic impact on cardio-oncology: results from the COVID-19 International Collaborative Network survey.
2020,Family perspectives of COVID-19 research.
2020,"Global strategies and effectiveness for COVID-19 prevention through contact tracing, screening, quarantine, and isolation: a systematic review."
2020,A collaborative effort of China in combating COVID-19.
2020,A virtual teaching clinic for virtual care during the COVID-19 pandemic.
2020,Nrf2-interacting nutrients and COVID-19: time for research to develop adaptation strategies.
2020,Prevalence and prognostic value of elevated troponins in patients hospitalised for coronavirus disease 2019: a systematic review and meta-analysis.
2020,Disordered eating behaviors in youths with type 1 diabetes during COVID-19 lockdown: an exploratory study.
2020,Transitioning to digital first line intervention - validation of a brief online screener for early identification of a suspected eating disorder: study protocol.
2020,Rapid establishment of a national surveillance of COVID-19 hospitalizations in Belgium.
2020,Impact of COVID-19 lockdown measures on a cohort of eating disorders patients.
2020,All-cause mortality supports the COVID-19 mortality in Belgium and comparison with major fatal events of the last century.
2020,Anomalous asthma and chronic obstructive pulmonary disease Google Trends patterns during the COVID-19 pandemic.
2020,A ligand-based computational drug repurposing pipeline using KNIME and Programmatic Data Access: case studies for rare diseases and COVID-19.
2020,COVID-19 in humanitarian settings: documenting and sharing context-specific programmatic experiences.
2020,Exploring active ingredients and function mechanisms of Ephedra-bitter almond for prevention and treatment of Corona virus disease 2019 (COVID-19) based on network pharmacology.
2020,Analysis of news media reports of suicides and attempted suicides during the COVID-19 lockdown in India.
2020,FDA efficiency for approval process of COVID-19 therapeutics.
2020,Considerations for planning COVID-19 treatment services in humanitarian responses.
2020,"The clinical and translational research activities at the INT - IRCCS &quot;Fondazione Pascale&quot; cancer center (Naples, Italy) during the COVID-19 pandemic."
2020,Caring for patients in mental health services during COVID-19 outbreak in China.
2020,"COVID-19 testing acceptability and uptake amongst the Rohingya and host community in Camp 21, Teknaf, Bangladesh."
2020,An anti-CD6 monoclonal antibody (itolizumab) reduces circulating IL-6 in severe COVID-19 elderly patients.
2020,Anti-COVID-19 drug screening: Frontier concepts and core technologies.
2020,SARS-CoV-2 and mitochondrial health: implications of lifestyle and ageing.
2020,Vitamin D and Covid-19: an update on evidence and potential therapeutic implications.
2020,Hypoxia: A key feature of COVID-19 launching activation of HIF-1 and cytokine storm.
2020,Incidence of thromboembolism in patients with COVID-19: a systematic review and meta-analysis.
2020,Building health system resilience in the context of primary health care revitalization for attainment of UHC: proceedings from the Fifth Health Sector Directors' Policy and Planning Meeting for the WHO African Region.
2020,Strengthening policy coding methodologies to improve COVID-19 disease modeling and policy responses: a proposed coding framework and recommendations.
2020,Evaluation of the Binding Affinity of Anti-Viral Drugs against Main Protease of SARS-CoV-2 through a Molecular Docking Study.
2020,Docking paradigm: Drug Design.
2020,An Updated Review on SARS-CoV-2 Main Proteinase (MPro): Protein Structure and Small-Molecule Inhibitors.
2020,Expression and clinical significance of SARS-CoV-2 human targets in neoplastic and non-neoplastic lung tissues.
2020,Molecular descriptors of some chemicals that prevent COVID-19.
2020,Metabolism and Interactions of Chloroquine and Hydroxychloroquine with Human Cytochrome P450 Enzymes and Drug Transporters.
2020,Disease control across urban-rural gradients.
2020,Depicting the inhibitory potential of polyphenols from <i>Isatis indigotica</i> root against the main protease of SARS CoV-2 using computational approaches.
2020,Awareness of Human Factors in the operating theatres during the COVID-19 pandemic.
2020,Sensing the interactions between carbohydrate-binding agents and <i>N</i>-linked glycans of SARS-CoV-2 spike glycoprotein using molecular docking and simulation studies.
2020,Challenging behavior of nursing home residents during COVID-19 measures in the Netherlands.
2020,Age-related differences in the perception of COVID-19 emergency during the Italian outbreak.
2020,The Impact of COVID-19 on Trauma Care and Center Performance: An Urban Level 1 Trauma Center COVID-19 Experience and Future Directions.
2020,COVID-19 worries and mental health: the moderating effect of age.
2020,First Line of Defense in COVID-19: Masks in Clinical Practice.
2020,Quality and Safety in Healthcare for Medical Students: Challenges and the Road Ahead.
2020,Eosinopenia in COVID-19 Patients: A Retrospective Analysis.
2020,"Interrelated Mechanism by Which the Methide Quinone Celastrol, Obtained from the Roots of <i>Tripterygium wilfordii</i>, Inhibits Main Protease 3CL<sup>pro</sup> of COVID-19 and Acts as Superoxide Radical Scavenger."
2020,The Bittersweet Effects of COVID-19 on Mental Health: Results of an Online Survey among a Sample of the Dutch Population Five Weeks after Relaxation of Lockdown Restrictions.
2020,Prevention of SARS-CoV-2 Infection Among Police Officers in Poland-Implications for Public Health Policies.
2020,Biosensors for the Detection of Bacterial and Viral Clinical Pathogens.
2020,The Benefits of Vitamin D Supplementation for Athletes: Better Performance and Reduced Risk of COVID-19.
2020,Dental Care Access and the Elderly: What Is the Role of Teledentistry? A Systematic Review.
2020,Underlying Principles of a Covid-19 Behavioral Vaccine for a Sustainable Cultural Change.
2020,Early Humoral Response Correlates with Disease Severity and Outcomes in COVID-19 Patients.
2020,"On Cancer, COVID-19, and CT Scans: A Monocentric Retrospective Study."
2020,Predicting SARS-CoV-2 Weather-Induced Seasonal Virulence from Atmospheric Air Enthalpy.
2020,Association between the New COVID-19 Cases and Air Pollution with Meteorological Elements in Nine Counties of New York State.
2020,"COVID-19 in Switzerland and Liechtenstein: A Cross-Sectional Survey among Dentists' Awareness, Protective Measures and Economic Effects."
2020,FDA-Approved Drugs with Potent In Vitro Antiviral Activity against Severe Acute Respiratory Syndrome Coronavirus 2.
2020,"Early Phase Management of the SARS-CoV-2 Pandemic in the Geographic Area of the Veneto Region, in One of the World's Oldest Populations."
2020,Type I Interferon Signature in Chilblain-Like Lesions Associated with the COVID-19 Pandemic.
2020,Pediatric Inflammatory Multisystem Syndrome Temporally Associated with SARS-CoV-2 Treated with Tocilizumab.
2020,Prognostic Factors of COVID-19 Infection in Elderly Patients: A Multicenter Study.
2020,The Systemic Inflammation Index on Admission Predicts In-Hospital Mortality in COVID-19 Patients.
2020,Anti-Viral Potential and Modulation of Nrf2 by Curcumin: Pharmacological Implications.
2020,The Impact of COVID-19 on Women's Physical Activity Behavior and Mental Well-Being.
2020,Investigating the Psychological Impact of COVID-19 among Healthcare Workers: A Meta-Analysis.
2020,Cutaneous Manifestations in Confirmed COVID-19 Patients: A Systematic Review.
2020,Sleep During &quot;Lockdown&quot; in the COVID-19 Pandemic.
2020,"IMU-838, a Developmental DHODH Inhibitor in Phase II for Autoimmune Disease, Shows Anti-SARS-CoV-2 and Broad-Spectrum Antiviral Efficacy In Vitro."
2020,Maturation of T and B Lymphocytes in the Assessment of the Immune Status in COVID-19 Patients.
2020,Aerosol Release by Healthy People during Speaking: Possible Contribution to the Transmission of SARS-CoV-2.
2020,Is It Possible to Find Something Positive in Being Confined Due to COVID-19? Implications for Well-Being.
2020,"Psychological Impact of Corona Lockdown in Germany: Changes in Need Satisfaction, Well-Being, Anxiety, and Depression."
2020,Contact Screening for Healthcare Workers Exposed to Patients with COVID-19.
2020,The Contribution of Endothelial Dysfunction in Systemic Injury Subsequent to SARS-Cov-2 Infection.
2020,Multiple SARS-CoV-2 Introductions Shaped the Early Outbreak in Central Eastern Europe: Comparing Hungarian Data to a Worldwide Sequence Data-Matrix.
2020,How to Form Behavioral Intentions in the Field of Drone Food Delivery Services: The Moderating Role of the COVID-19 Outbreak.
2020,The Impact of the COVID-19 Pandemic on Mental Health and Psychological Well-Being of Young People Living in Austria and Turkey: A Multicenter Study.
2020,Occurrence and Role of Selected RNA-Viruses as Potential Causative Agents of Watery Droppings in Pigeons.
2020,Efforts at COVID-19 Vaccine Development: Challenges and Successes.
2020,Diagnosis and Management of Acute Respiratory Distress Syndrome in a Time of COVID-19.
2020,The International Virus Bioinformatics Meeting 2020.
2020,The Impact of Social Support on Public Anxiety amidst the COVID-19 Pandemic in China.
2020,Dermatology Teleteaching during the COVID-19 Pandemic.
2020,Prognostic Utility of Baseline 25-Hydroxy Vitamin D Levels in Hospitalised COVID-19 Patients: Hope or Hype?
2020,Neuro-psychiatric Effects of COVID-19.
2020,Vitamin D in COVID-19 Pneumonia: High Yield with Low Risk.
2020,Tonsillitis as a Rare Manifestation of COVID-19.
2020,Reorganising for COVID-19 Pandemic: A Review of Structural Modifications by the Department of Internal Medicine in Low to Middle-income Countries.
2020,Preparing for a Pandemic: Our Plans and Lessons Learnt as a Department in a Tertiary Care Hospital.
2020,A Patient with COVID-19 Treated with ECMO for 26 Days.
2020,COVID-19 Pneumonia during Hydroxychloroquine Treatment of Rheumatoid Arthritis.
2020,Effect of COVID-19 on the Working of a Tertiary Care Hospital.
2020,Association of Inflammatory Markers with Mortality in COVID-19 Infection.
2020,Investigation of QT Prolongation with Hydroxychloroquine and Azithromycin for the Treatment of COVID-19.
2020,Correlation of Lung Ultrasound and Computed Tomography Findings in COVID-19 Pneumonia.
2020,New Adopters of Telemedicine During the Coronavirus-19 Pandemic in Respondents to an Online Community Survey: The Case for Access to Remote Management Tools for Individuals with Chronic Obstructive Pulmonary Disease.
2020,COVID-19 in Renal Transplant Recipients: Case Series and a Brief Review of Current Evidence.
2020,Epidemiology and Outcomes of Acute Kidney Injury in COVID-19 Patients with Acute Respiratory Distress Syndrome: A Multicenter Retrospective Study.
2020,"Self-reported influenza and influenza-like symptoms in U.S. adults age 18-64 between September 1, 2019 and April 15, 2020."
2020,Mental health status of Afghan immigrants in Iran during the COVID-19 pandemic: An exacerbation of a long-standing concern.
2020,Evaluation of the Sexual Functioning of Individuals Living in Turkey During the COVID-19 Pandemic: An Internet-Based Nationwide Survey Study.
2020,Reprint of: Air travel and COVID-19 prevention in the pandemic and peri-pandemic period: A narrative review.
2020,In silico screening of potential anti-COVID-19 bioactive natural constituents from food sources by molecular docking.
2020,Essential fatty acids and their metabolites in the pathobiology of (coronavirus disease 2019) COVID-19.
2020,A comparative analysis for anti-viral drugs: Their efficiency against SARS-CoV-2.
2020,Neutrophils and COVID-19: The road so far.
2020,State-Level Data on Suicide Mortality During COVID-19 Quarantine: Early Evidence of a Disproportionate Impact on Racial Minorities.
2020,"Trends in suicide in Japan by gender during the COVID-19 pandemic, up to September 2020."
2020,Anti-viral properties of antipsychotic medications in the time of COVID-19.
2020,Scrutinizing the spread of COVID-19 in Madagascar.
2020,Malfunctioning Temporary Hemodialysis Catheters in Patients with COVID-19.
2020,Dermatological surgery during the COVID-19 pandemic: experience of a large academic center.
2020,Development of an indirect ELISA based on soluble antigen produced from virus-infected cells for detection of Porcine Hemagglutinating Encephalomyelitis virus.
2020,Viruses' evolvement as a never stopping perpetuum mobile.
2020,Genomic and evolutionary comparison between SARS-CoV-2 and other human coronaviruses.
2020,Assessment of antiviral potencies of cannabinoids against SARS-CoV-2 using computational and in vitro approaches.
2020,Exploring the link between risk perception in Internet media and COVID-19 prevalence in Europe.
2020,Changes in Advance Care Planning for Nursing Home Residents During the COVID-19 Pandemic.
2020,COVID-19 among nursing home residents: results of an urgent pre-hospital intervention by a multidisciplinary task force.
2020,"Reply to &quot;Taking a stand against the politicization of medical research: How 'winging the pendulum' poses a hazard to clinical trials, study participants, and the progress of science&quot;."
2020,Greater decline of acute stroke admissions compared with acute coronary syndromes during COVID-19 outbreak in Greece: Cerebro/Cardiovascular implications amidst a second wave surge.
2020,Outcome of patients hospitalized for Covid-19 and exposure to angiotensin-converting enzyme inhibitors and angiotensin-receptor blockers in France: Results of the ACECoV study.
2020,The COVID-19 Pandemic and Children's Environmental Health.
2020,COVID-19 Vaccines: A Primer for Clinicians.
2020,Strengthening Vaccine Confidence and Acceptance in the Pediatric Provider Office.
2020,The Effect of the COVID-19 Pandemic on Childhood Immunizations: Ways to Strengthen Routine Vaccination.
2020,Vaccine Development: From Laboratory to Policy.
2020,The Science and Art of Vaccinology During the COVID-19 Pandemic.
2020,"Hand Hygiene Strategy, Masks, Social Distancing, and Modified Rounds During the COVID-19 Pandemic in the Medical Center."
2020,Evidence of thrombotic microangiopathy in children with SARS-CoV-2 across the spectrum of clinical presentations.
2020,"&quot;The Tip of the Iceberg&quot;: Commentary on Sports, Health Inequity, and Trauma Exacerbated by COVID-19."
2020,Community Supports and COVID-19: Self-Determination in a Pandemic.
2020,"Mental Health, Physical Activity, and Quality of Life of US Adolescent Athletes During COVID-19-Related School Closures and Sport Cancellations: A Study of 13 000 Athletes."
2020,Role of different tautomers in the base-pairing abilities of some of the vital antiviral drugs used against COVID-19.
2020,Introductory lecture: air quality in megacities.
2020,Efficacy of corticosteroid therapy in the treatment of long- lasting olfactory disorders in COVID-19 patients.
2020,Prevalence of anxiety towards COVID-19 and its associated factors among healthcare workers in a Hospital of Ethiopia.
2020,On the authenticity of COVID-19 case figures.
2020,Community interventions in Low-And Middle-Income Countries to inform COVID-19 control implementation decisions in Kenya: A rapid systematic review.
